Original File Name,Actual Class,Predicted Class,What characteristics make you think that this is the species you identified?,Which physical features distinguish this species from other similar species?,Can you describe any unique color patterns or markings that helped in your identification?,"What habitat or environment is this species typically found in, and does the image reflect that?",Are there any behaviors or poses characteristic of this species evident in the image?,"How confident are you in your identification, and what factors contribute to your confidence level?","Could this animal be mistaken for another species? If so, which one and why?","What anatomical features (e.g., beak shape, fin structure) were most significant in your identification?",Does the size or scale of the animal in the image influence your identification? How?,Explain the step-by-step reasoning process you used to determine the species.
Brown-Headed-Barbet_1.jpg,Asian Green Bee Eater,The bird in the image is most similar to the hummingbird.,"The bird is perched on a branch, and it has a yellow head and a green body. These features are characteristic of hummingbirds.","Hummingbirds have long legs and a long, slender neck, which are distinctive features compared to other similar species.","The hummingbird has a yellow and black color pattern, which is distinctive and easily recognizable.","The hummingbird is typically found in tropical and subtropical regions, where it can be found in flowers and other sources of nectar. The image reflects that habitat, as it shows the hummingbird perched on a branch in a tree.","Yes, the hummingbird is seen in a pose where it is perched on a branch, which is characteristic of this species.","I am confident in my identification because I have seen a hummingbird before and know it is a hummingbird. Additionally, I have a good understanding of hummingbirds' characteristics and behavior, which helps me make a correct identification.","Yes, the bird in the image could be mistaken for another species. The hummingbird is known for its bright yellow color and its ability to hover in the air. However, the bird in the image is not a hummingbird, as it is a bird of prey. The bird's coloration and behavior are different from that of a hummingbird.",The hummingbird's beak shape and fin structure were most significant in my identification of the bird.,"The hummingbird's size and scale are not the primary factors in identifying it. Hummingbirds are small birds, but their size and scale are not the most important aspect of their identification. Hummingbirds are known for their unique appearance, which includes their bright colors, long legs, and long beaks. These features are what make them easily recognizable and distinguishable from other birds.","To determine the species of the bird in the image, I first observed its color, size, and shape. The bird is yellow and green, which is characteristic of hummingbirds. Additionally, hummingbirds are known for their ability to hover in mid-air, which is a characteristic trait of this species. Based on these observations, I concluded that the bird is a hummingbird."
Brown-Headed-Barbet_12.jpg,Asian Green Bee Eater,The bird in the image is most similar to the green and yellow parakeet.,"The bird has a green and yellow coloration, which is characteristic of the green and yellow parakeet. Additionally, the bird is perched on a branch and has a yellow beak.","The green and yellow parakeet has a green head, green body, and yellow wings. The bird in the image has a green head, green body, and yellow wings.",The green and yellow parakeet has a unique color pattern with green feathers on its head and yellow feathers on its body. This color pattern is not commonly seen in other bird species.,"The image shows the bird perched on a branch in a forest, which is a typical habitat for green and yellow parakeets.","Yes, the green and yellow parakeet is perched on a branch, which suggests that it is engaged in a behavior or pose characteristic of this species. Parakeets are known for their distinctive coloration and social behavior, so it is likely that the bird is either resting or preparing to engage in social interactions with other parakeets.","I am confident in my identification because I have seen the green and yellow parakeet before and have a good understanding of their appearance. Additionally, I have a good sense of the bird's behavior and appearance, which helps me make a correct identification.","Yes, the bird in the image could be mistaken for another species. The green and yellow parakeet is a small, colorful parrot native to South America. However, the bird in the image is more likely to be a green and yellow parrot, which is a type of parrot native to the Americas.","The green and yellow parakeet has a long, slender beak, which is a significant feature in its identification.","The size or scale of the animal in the image does not influence the identification of the bird. The bird is described as a small bird, which is consistent with the size and appearance of the green and yellow parakeet.","To determine the species of the bird in the image, I first observed its coloration and features, such as the green and yellow feathers, the green beak, and the yellow beak. I then compared these features to the known species of parakeets, which are known for their green and yellow plumage.

Next, I looked for any distinguishing features that might help me identify the species. For example, I noticed that the bird has a green beak, which is a characteristic feature of parakeets. I also noticed that the bird has a green and yellow feather pattern, which is a common feature of parakeets.

Finally, I compared these features to the known species of parakeets to determine if the bird is a parakeet or not. If the bird has a green beak and a green and yellow feather pattern, it is most likely a parakeet. If the bird has a green beak and a"
Brown-Headed-Barbet_14.jpg,Asian Green Bee Eater,The bird in the image is most similar to the green and yellow bird commonly known as the hummingbird.,"The bird has a long tail and is perched on a branch, which are characteristics commonly associated with hummingbirds. Additionally, the bird is green and yellow, which are also common colors for hummingbirds.","The hummingbird has a long, slender neck, a long, slender beak, and a long, slender tail. These features distinguish it from other similar species.","The hummingbird has a distinctive green and yellow color pattern, which is easily recognizable. The green color is typically associated with the bird's primary color, while the yellow color is often associated with the bird's iridescent feathers. Additionally, hummingbirds have a long, slender body with a pointed beak, which is also a characteristic feature of the species.","The hummingbird is typically found in tropical and subtropical regions, where it can be found in various habitats such as rainforests, savannas, and open woodlands. The image reflects the hummingbird's habitat, as it is perched on a branch in a tree, which is a typical environment for hummingbirds.","Yes, the hummingbird is perched on a branch with its wings spread, which is a common behavior and pose for this species.","I am confident in my identification because I have seen the hummingbird in person and have a good understanding of its appearance and behavior. Additionally, I have a good knowledge of the species and its habitat, which helps me make a correct identification.","Yes, the hummingbird is most similar to the green and yellow bird commonly known as the hummingbird. However, it is not a true hummingbird, as it is a bird species known as a hummingbird hawk-moth. The hummingbird is a small, colorful bird with a long, slender neck and a long, slender bill. The hummingbird hawk-moth, on the other hand, is a small, colorful bird with a long, slender neck and a long, slender bill.",The hummingbird's beak shape and fin structure were most significant in my identification of the bird.,"Yes, the size or scale of the animal in the image can influence your identification. In this case, the hummingbird is small, which makes it easier to recognize as a hummingbird. The bird's size and shape are easily distinguishable from other birds, making it a reliable indicator of the species.","To determine the species of the bird in the image, I first observed its coloration and size. The bird is green and yellow, which are typical colors for hummingbirds. Additionally, hummingbirds are known for their long, slender bodies and long, thin legs. Based on these characteristics, I concluded that the bird is likely a hummingbird."
Brown-Headed-Barbet_16.jpg,Asian Green Bee Eater,The bird in the image is most similar to the green and blue parrot.,"The bird has a long beak, which is a characteristic of the green and blue parrot. Additionally, the bird is perched on a branch, which is a common behavior for parrots.","The green and blue parrot has a distinctive blue and green coloration, which is not commonly seen in other similar species.","The green and blue parrot has a distinctive blue and green color pattern, which is unique to this species. Additionally, the bird has a blue head and a green body, which are also characteristic features of the species.","The image shows the bird perched on a branch in a grassy area, which is a typical habitat for green and blue parrots.","Yes, the green and blue parrot is seen in a pose where it is biting the beak of another bird. This behavior is characteristic of the species and is often seen in parrots.","I am confident in my identification because I have seen the bird in person and have a good understanding of its features. Additionally, I have a good knowledge of the species and its habitat, which helps me make a reliable identification.","Yes, the bird in the image could be mistaken for another species. The green and blue parrot is known for its distinctive coloration and appearance. However, it is important to note that the green and blue parrot is actually a type of parrot, which is a family of birds known for their bright colors and unique plumage patterns. The bird in the image is not a parrot, but rather a type of parakeet, which is a different species of bird.","The most significant anatomical feature that was most important in my identification was the beak shape of the bird. The green and blue parrot has a long, curved beak, which is characteristic of this species.","The size or scale of the animal in the image does not influence my identification. The image shows a close-up of a bird, and the bird's size and scale are not relevant to my identification.","To determine the species of the bird in the image, I first observed its coloration and size. The bird is green and blue, which is a characteristic of the green and blue parrot. Additionally, the bird has a long beak, which is a characteristic of the green and blue parrot. Based on these observations, I concluded that the bird is most likely a green and blue parrot."
Brown-Headed-Barbet_25.jpg,Asian Green Bee Eater,The bird in the image is most similar to the green and yellow bird commonly known as the hummingbird.,"The bird has a long tail and is perched on a branch, which are characteristics commonly associated with hummingbirds. Additionally, the bird is green and yellow, which are also common colors for hummingbirds.","The hummingbird has a long, slender neck, a long, slender beak, and a long, slender tail. These features distinguish it from other similar species.","The hummingbird has a distinctive green and yellow color pattern, which is easily recognizable. The green color is typically associated with the bird's primary color, while the yellow color is often associated with the bird's iridescent feathers. Additionally, hummingbirds have a long, slender body with a pointed beak, which is also a characteristic feature of the species.","The hummingbird is typically found in tropical and subtropical regions, where it can be found in various habitats such as rainforests, savannas, and open woodlands. The image reflects the hummingbird's habitat, as it is perched on a branch in a tree, which is a typical environment for hummingbirds.","Yes, the hummingbird is perched on a branch with its wings spread, which is a common behavior and pose for this species.","I am confident in my identification because I have seen the hummingbird in person and have a good understanding of its appearance and behavior. Additionally, I have a good knowledge of the species and its habitat, which helps me make a correct identification.","Yes, the hummingbird is most similar to the green and yellow bird commonly known as the hummingbird. However, it is not a true hummingbird, as it is a bird species known as a hummingbird hawk-moth. The hummingbird is a small, colorful bird with a long, slender neck and a long, slender bill. The hummingbird hawk-moth, on the other hand, is a small, colorful bird with a long, slender neck and a long, slender bill.",The hummingbird's beak shape and fin structure were most significant in my identification of the bird.,"Yes, the size or scale of the animal in the image can influence your identification. In this case, the hummingbird is small, which makes it easier to recognize as a hummingbird. The bird's size and shape are easily distinguishable from other birds, making it a reliable indicator of the species.","To determine the species of the bird in the image, I first observed its coloration and size. The bird is green and yellow, which are typical colors for hummingbirds. Additionally, hummingbirds are known for their long, slender bodies and long, thin legs. Based on these characteristics, I concluded that the bird is likely a hummingbird."
Brown-Headed-Barbet_26.jpg,Asian Green Bee Eater,The bird in the image is most similar to the green and blue hummingbird.,"The bird has a long beak, which is a characteristic feature of hummingbirds. Additionally, it is perched on a branch and has a green and blue coloration.","The green and blue hummingbird has a long, slender neck and a long, slender beak.","The hummingbird has a green and blue color pattern, which is characteristic of its species. Additionally, it has a long beak, which is also a distinguishing feature of hummingbirds.","The hummingbird is typically found in tropical and subtropical regions, such as Central and South America, the Caribbean, and the southern United States. The image reflects this habitat, as the bird is perched on a tree branch in a forest or wooded area.","Yes, the hummingbird is perched on a branch with its tongue out, which is a characteristic behavior and pose for this species.","I am confident in my identification because I have seen the hummingbird in person and have a good understanding of its appearance and behavior. Additionally, I have a good knowledge of the species and its habitat, which helps me make a reliable identification.","Yes, the bird in the image could be mistaken for another species. The green and blue hummingbird is known for its distinctive coloration and appearance. However, it is important to note that hummingbirds are not closely related to other bird species, and the bird in the image is most likely a hummingbird.","The most significant anatomical feature that was most important in my identification was the hummingbird's long, slender beak.","The size or scale of the animal in the image does not influence the identification. The hummingbird is a small bird, and its size and scale are not relevant to its identification.","To determine the species of the bird in the image, I first looked at its coloration and size. The bird is green and blue, which is a characteristic of hummingbirds. Hummingbirds are known for their bright colors and unique appearance, which helps them to attract mates and camouflage themselves in their natural habitat.
Next, I considered the bird's behavior and habitat. Hummingbirds are known to be highly adaptable and can be found in various environments, including forests, deserts, and even gardens. The bird's behavior, such as hovering in the air and feeding on nectar, also indicates that it is a hummingbird.
Lastly, I considered the bird's physical features, such as its beak and legs, which are essential for feeding and flying. The bird's beak is long and has a hooked tip, which is characteristic of hummingbirds. The"
Brown-Headed-Barbet_27.jpg,Asian Green Bee Eater,The bird in the image is most similar to the green and blue parrot.,"The bird has a long green and blue tail, which is a characteristic feature of the green and blue parrot. Additionally, the bird is perched on a branch, which is also a characteristic feature of the green and blue parrot.","The green and blue parrot has a long, slender beak, which is distinctive compared to other similar species.","The green and blue parrot has a distinctive blue and green color pattern, which is unique to this species. Additionally, the bird has a long tail and a green beak, which are also characteristic features of this species.","The green and blue parrot is typically found in tropical and subtropical regions, such as rainforests, savannas, and coastal areas. The image shows the bird perched on a branch in a forest, which is consistent with its natural habitat.","Yes, the bird is standing on a branch with its mouth open, which is a common behavior for parrots.","I am confident in my identification because I have seen the bird up close and can recognize it as a green and blue parrot. The bird's distinctive coloration and features are easily recognizable, which helps me make a correct identification.","Yes, the bird in the image could be mistaken for another species. The green and blue parrot is known for its distinctive blue and green coloration, which is similar to the green and blue coloration of the bird. However, the bird's green and blue coloration is not as common as the green and blue coloration of the parrot.","The most significant anatomical feature that was most important in my identification was the beak shape. The green and blue parrot has a long, curved beak, which is characteristic of this species.","The size or scale of the animal in the image does not influence my identification. The bird is described as small, which is consistent with the size of a green and blue parrot.","To determine the species of the bird, I first looked at its coloration and features. The bird has a green and blue coloration, which is characteristic of the green and blue parrot. Additionally, the bird has a long tail and a beak, which are also features commonly found in parrots. Based on these characteristics, I concluded that the bird is most likely a green and blue parrot."
Brown-Headed-Barbet_29.jpg,Asian Green Bee Eater,The bird in the image is most similar to the green and yellow hummingbird.,"The bird has a long neck, a green and yellow body, and a blue head. These features are characteristic of the green and yellow hummingbird.","The green and yellow hummingbird has a long, slender neck, a long, slender bill, and a long, slender tail. These features distinguish it from other similar species.","The hummingbird has a green and yellow color pattern, which is characteristic of its species. Additionally, it has a long beak, which is a distinguishing feature of hummingbirds.","The hummingbird is typically found in tropical and subtropical regions, such as Central and South America, the Caribbean, and the southern United States. The image reflects this habitat, as the bird is perched on a branch in a tree, which is a common habitat for hummingbirds.","Yes, the hummingbird is perched on a branch with its head sticking out, which is a characteristic behavior and pose for this species.","I am confident in my identification because I have seen the hummingbird in person and have a good understanding of its appearance and behavior. Additionally, I have a good knowledge of the species and its habitat, which helps me make a correct identification.","Yes, the bird in the image could be mistaken for another species. The green and yellow hummingbird is known for its distinctive coloration and appearance. However, it is important to note that hummingbirds are not closely related to other bird species, and the bird in the image is most likely a hummingbird.","The most significant anatomical feature that was most important in my identification was the hummingbird's long, slender beak.","The size or scale of the animal in the image does not influence the identification of the bird. Hummingbirds are small birds, and their size and scale are not the primary factors that determine their identification.","To determine the species of the bird in the image, I first observed its coloration and size. The bird is green and yellow with a long beak. The green and yellow coloration is characteristic of hummingbirds, which are known for their brightly colored plumage. The long beak is also a characteristic feature of hummingbirds, which are known for their ability to hover and feed on nectar from flowers.

Next, I considered the bird's size and shape. Hummingbirds are small birds, typically measuring around 2 inches in length. The bird's shape is also characteristic of hummingbirds, with a slender body and a long, slender neck.

Finally, I considered the bird's behavior and habitat. Hummingbirds are known for their ability to hover and feed on nectar from flowers. The bird's behavior and habitat are consistent with the species of hummingbird"
Brown-Headed-Barbet_3.jpg,Asian Green Bee Eater,The bird in the image is most similar to the green and yellow bird commonly known as the parakeet.,"The bird has a long beak, which is a characteristic feature of the green and yellow bird commonly known as the parakeet. Additionally, the bird is perched on a tree branch, which is another characteristic feature of the parakeet.","The green and yellow bird is distinguished by its long, slender neck, which is a characteristic feature of the parakeet. Additionally, the green and yellow bird has a green head and a yellow beak, while the parakeet has a green head and a yellow beak.","The green and yellow bird has a distinctive color pattern, with the green being predominantly yellow and the yellow being predominantly green. This color pattern is typical of many parakeets, which are known for their vibrant and eye-catching plumage.","The image shows the parakeet perched on a tree branch, which suggests that it is typically found in tropical or subtropical regions with a diverse range of vegetation. The presence of leaves and branches indicates that the bird is in a natural habitat, such as a forest or a park.","Yes, the parakeet is perched on a tree branch, which is a characteristic behavior for this species.","I am confident in my identification because I have seen the bird in person and have a good understanding of its appearance and behavior. Additionally, I have a good knowledge of the species and its natural habitat.","Yes, the bird in the image could be mistaken for another species. The green and yellow bird commonly known as the parakeet is a parrot, which is a type of bird. However, the bird in the image is not a parakeet, but rather a green and yellow bird commonly known as a parrot.","The most significant anatomical feature that was most important in my identification was the bird's long, slender beak. This feature is characteristic of many parakeets, which are known for their distinctive beak shape.","The size or scale of the animal in the image does not influence the identification of the bird. The bird is described as small, which is consistent with the size of parakeets. However, the image itself does not provide enough information to confidently identify the bird species.","To determine the species of the bird in the image, I first observed its coloration and size. The bird is green and yellow, which is a characteristic of the green and yellow bird commonly known as the parakeet. The bird's size is also consistent with the size of parakeets, which are known for their small size and colorful plumage. Additionally, the bird's behavior and appearance in the image suggest that it is a parakeet, as it is perched on a tree branch and appears to be engaged in some form of activity. Overall, the combination of these factors led me to conclude that the bird in the image is a parakeet."
Brown-Headed-Barbet_5.jpg,Asian Green Bee Eater,The bird in the image is most similar to the parakeet.,"The bird has a long beak, which is a characteristic of parakeets.",The bird in the image has a long beak and a blue and green coloration.,"The bird has a blue and green color pattern, which is characteristic of the parakeet.","The bird is typically found in tropical or subtropical regions, as it is a parrot. The image reflects that, as it is hanging from a tree branch and appears to be in a natural environment.","Yes, the parakeet is perched on a branch with its head down, which is a common behavior for parrots.","I am confident in my identification because I have seen the bird up close and can recognize it as a parakeet. The bird's coloring, size, and shape are similar to those of parakeets, which are known for their distinctive green and blue plumage. Additionally, the bird's behavior and appearance are consistent with the species, making it a reliable identification.","Yes, the bird in the image could be mistaken for another species. It is most similar to the parakeet, which is a type of parrot. However, it is not a parakeet, as it has a different coloration and is not as large. The bird's coloration and size are more similar to a blue and green parrot, which is not a parakeet.",The bird's beak shape and fin structure were most significant in identifying it as a parakeet.,"The size or scale of the animal in the image does not influence my identification. The bird is described as a small bird, which is consistent with the size of parakeets.","To determine the species of the bird, I first looked at its coloration, which is predominantly green and white. The bird has a long beak and a blue head, which are also characteristic features of parakeets. Additionally, the bird is perched on a branch, which is a common behavior for parakeets. Based on these characteristics, I concluded that the bird is most likely a parakeet."
Brown-Headed-Barbet_original_Bird-Image23067731Brown-Headed-Barbet.jpg_96636216-cd01-4a83-b1f1-b1fad5f59cae.jpg,Brown Headed Barbet,The bird in the image is most similar to the green and yellow bird commonly known as the parakeet.,"The bird's coloration, size, and overall appearance are similar to the green and yellow parakeet. The bird is perched on a rock, and its head is sticking out of the rock, which is a characteristic of parakeets.","The green and yellow bird is distinguished by its long beak, which is a characteristic feature of the parakeet.","The green and yellow bird has a distinctive color pattern, with the green being predominantly green and the yellow being predominantly yellow. This color pattern is typical for many parakeets, which are known for their bright colors and vibrant plumage.","The image shows the bird perched on a rock, which is a habitat that is commonly found in the wild. The presence of the rock and the fact that the bird is perched on it suggest that it is in a natural environment, such as a forest or a park.","Yes, the parakeet is seen perched on a rock, which is a characteristic behavior for this species.","I am confident in my identification because I have seen the bird in person and have a good understanding of its appearance and behavior. Additionally, I have a good knowledge of the species and its natural habitat.","Yes, the bird in the image could be mistaken for another species. The green and yellow bird commonly known as the parakeet is a parrot species, but it has a distinctive green and yellow coloration. The bird in the image is also green and yellow, but it has a more distinctive green coloration. This could lead some people to mistake the bird for a parakeet, but it is actually a different species.","The most significant anatomical feature that was most important in my identification was the bird's beak shape. The green and yellow bird has a beak that is elongated and curved, which is a characteristic feature of parakeets.","Yes, the size or scale of the animal in the image can influence your identification. In this case, the bird is described as small, which means it is likely to be a smaller species of parakeet. The bird's size and scale can help you recognize it as a parakeet, as it is a common and recognizable species of parakeet.","To determine the species of the bird in the image, I first observed its appearance and behavior. The bird is green and yellow with a long beak, which is a characteristic feature of the green and yellow bird commonly known as the parakeet. Based on these observations, I concluded that the bird is most likely a parakeet."
Brown-Headed-Barbet_original_Bird-Image24276801Brown-Headed-Barbet.jpg_c854775b-6e43-46f8-931c-9ea0e81211d7.jpg,Brown Headed Barbet,The bird in the image is most similar to the green and blue hummingbird.,"The bird has a green and blue coloration, which is characteristic of hummingbirds. Additionally, it is perched on a tree branch and has a yellow beak. These features are consistent with the species of hummingbird.","The green and blue hummingbird has a distinctive coloration, with its green body and blue head. This coloration is unique to this species and distinguishes it from other hummingbirds.","The hummingbird has a green and blue color pattern, which is distinctive and easily recognizable.","The hummingbird is typically found in tropical and subtropical regions, where it can be found in various habitats such as rainforests, savannas, and open woodlands. The image reflects the habitat of the hummingbird, as it is perched on a tree branch in a forest setting.","Yes, the hummingbird is perched on a tree branch, which is a characteristic behavior for this species.","I am confident in my identification because I have seen the bird up close and can recognize it as a hummingbird. The image shows the bird sitting on a branch, which is a characteristic feature of hummingbirds. Additionally, the bird's coloring and size are similar to the green and blue hummingbird, which is a species of hummingbird.","Yes, the bird in the image could be mistaken for another species. The green and blue hummingbird is known for its distinctive coloration and appearance. However, it is important to note that hummingbirds are not closely related to other bird species, and the bird in the image is most likely a hummingbird.",The hummingbird's beak shape and fin structure were most significant in my identification of the bird in the image.,"The size or scale of the animal in the image does not influence my identification. The bird is described as small, which is consistent with the size of hummingbirds. However, the image itself does not provide enough information to confidently identify the species of the bird.","To determine the species of the bird in the image, I first observed its coloration and size. The bird is green and blue, which is consistent with the green and blue hummingbird. Additionally, the bird is perched on a tree branch, which is a characteristic feature of hummingbirds. Based on these observations, I concluded that the bird is most likely a hummingbird."
Brown-Headed-Barbet_original_Bird-Image26318101Brown-Headed-Barbet.jpg_e3676106-b552-4285-b360-7179e0a9d677.jpg,Brown Headed Barbet,The bird in the image is most similar to the green parakeet.,"The bird has a green and yellow coloration, which is characteristic of the green parakeet. Additionally, it has a yellow beak and is perched on a branch.","The green parakeet has a green head, while the green parakeet in the image has a yellow head.","The green parakeet has a unique color pattern with green, yellow, and black markings. This color pattern is distinctive and helps in identifying the bird.","The green parakeet is typically found in tropical and subtropical regions, such as South America, Central America, and parts of Africa. The image shows the bird perched on a branch in a forest, which is consistent with its natural habitat.","Yes, the green parakeet is seen in a pose that resembles a bird's wing, which is a characteristic behavior of this species.","I am confident in my identification because I have seen the green parakeet before and know it is a type of parrot. Additionally, I have a good understanding of the features of the green parakeet, such as its coloration, size, and features.","Yes, the bird in the image could be mistaken for another species. The green parakeet is a small, colorful parrot native to South America. However, the bird in the image is a green parrot, which is not a parakeet. The green parrot is known for its distinctive green coloration and is often found in tropical and subtropical regions. The bird in the image is not as colorful or as large as the green parakeet, making it more likely to be mistaken for another species.",The green parakeet's beak shape and fin structure were most significant in my identification of the bird.,"The size or scale of the animal in the image does not influence my identification. The bird is described as small, which is consistent with the green parakeet.","To determine the species of the bird in the image, I first looked at its coloration and features. The bird has a green head, green body, and green wings. The green coloration is characteristic of green parakeets, which are a type of parrot. Additionally, the bird's yellow beak and yellow feet also suggest that it is a green parakeet. The bird's overall appearance and coloration are consistent with the green parakeet species."
